,screen,CPU_B,CPU_M,CPU_L,CPU,GPU,,network,audio,base,total
light,0.078482,0.0740646,0.1336256,0.2149214,0.4226116,0.04458915,,0.26,0,0.2,1.00468275
medium,0.32930468,0.3569718,0.333104,0.349387812,1.039463613,0.18273155,,0.26,0.2,0.2,2.211499843
heavy,0.4965198,0.8149542,0.692804,0.8144406,2.3221988,0.29317635,,0.26,0.3,0.2,3.87189495
